{
  "accuracy": 0.9333333333333333,
  "precision": 0.8571428571428571,
  "recall": 1.0,
  "f1_score": 0.9230769230769231,
  "confusion_matrix": [
    [
      8,
      1
    ],
    [
      0,
      6
    ]
  ],
  "total_samples": 15,
  "churners": 6,
  "non_churners": 9
}